{
  "hash": "aeb41e5c",
  "configHash": "12eae8f5",
  "lockfileHash": "ccb3648d",
  "browserHash": "e7c9e4b9",
  "optimized": {
    "@angular/common": {
      "src": "../../../../../../node_modules/@angular/common/fesm2022/common.mjs",
      "file": "@angular_common.js",
      "fileHash": "ccc63fa0",
      "needsInterop": false
    },
    "@angular/common/http": {
      "src": "../../../../../../node_modules/@angular/common/fesm2022/http.mjs",
      "file": "@angular_common_http.js",
      "fileHash": "033a4e6b",
      "needsInterop": false
    },
    "@angular/core": {
      "src": "../../../../../../node_modules/@angular/core/fesm2022/core.mjs",
      "file": "@angular_core.js",
      "fileHash": "c6f2368e",
      "needsInterop": false
    },
    "@angular/forms": {
      "src": "../../../../../../node_modules/@angular/forms/fesm2022/forms.mjs",
      "file": "@angular_forms.js",
      "fileHash": "316ce795",
      "needsInterop": false
    },
    "@angular/platform-browser": {
      "src": "../../../../../../node_modules/@angular/platform-browser/fesm2022/platform-browser.mjs",
      "file": "@angular_platform-browser.js",
      "fileHash": "212202ea",
      "needsInterop": false
    },
    "@angular/router": {
      "src": "../../../../../../node_modules/@angular/router/fesm2022/router.mjs",
      "file": "@angular_router.js",
      "fileHash": "d1e9a0ee",
      "needsInterop": false
    },
    "rxjs/operators": {
      "src": "../../../../../../node_modules/rxjs/dist/esm5/operators/index.js",
      "file": "rxjs_operators.js",
      "fileHash": "7815e01a",
      "needsInterop": false
    },
    "zone.js": {
      "src": "../../../../../../node_modules/zone.js/fesm2015/zone.js",
      "file": "zone__js.js",
      "fileHash": "d3339483",
      "needsInterop": true
    }
  },
  "chunks": {
    "chunk-HLCNFEKY": {
      "file": "chunk-HLCNFEKY.js"
    },
    "chunk-ORNOIPMW": {
      "file": "chunk-ORNOIPMW.js"
    },
    "chunk-I2V4FIBZ": {
      "file": "chunk-I2V4FIBZ.js"
    },
    "chunk-KQRM5WX6": {
      "file": "chunk-KQRM5WX6.js"
    },
    "chunk-KQPTV3YW": {
      "file": "chunk-KQPTV3YW.js"
    },
    "chunk-AQQWFOFB": {
      "file": "chunk-AQQWFOFB.js"
    },
    "chunk-WDMUDEB6": {
      "file": "chunk-WDMUDEB6.js"
    }
  }
}