{
  "project_info": {
    "project_number": "399830315168",
    "project_id": "amosweighttrackerapp",
    "storage_bucket": "amosweighttrackerapp.firebasestorage.app"
  },
  "client": [
    {
      "client_info": {
        "mobilesdk_app_id": "1:399830315168:android:98919253255822c23199c5",
        "android_client_info": {
          "package_name": "com.example.cs360p2wt_amos_roland"
        }
      },
      "oauth_client": [],
      "api_key": [
        {
          "current_key": "AIzaSyC5dVls0cVUg_7pPFv5ifLG_20gkrki8W4"
        }
      ],
      "services": {
        "appinvite_service": {
          "other_platform_oauth_client": []
        }
      }
    }
  ],
  "configuration_version": "1"
}